"mean_agr_land","mean_life_exp","mean_elec_access","mean_fert_rate","mean_inter","mean_sanit","mean_pop_growth","mean_prim_school","mean_total_unempl","Predicted_output"
-1.81017344893746,-0.0979973406526794,0.560272145208499,-0.201038745574457,-0.205215124695555,0.417080375567417,-0.127982332145528,0.401608235278643,0.163535558570486,2.39899045329721e-18
0.414386482376374,0.399240830476151,0.719212533874472,-0.986232907482771,0.926857781177685,0.622875087451363,-1.98907666079517,0.110774094511213,0.47803414943127,5.97369522377588e-21
1.88532693879721,0.0768801812469723,0.408446725010859,0.335270061397009,-0.701864721952408,0.684048276329409,-0.0194816809775407,0.569618602539287,0.72029613718733,2.91986310685388e-08
0.261034351807411,0.116267845777124,0.00626484861382286,-0.188610130994591,-0.782584182031722,-0.189487845999641,0.0238388916285417,0.852689762083808,-0.390686665397391,1.61088719323743e-05
0.0588862688883884,-0.652412557938853,-0.462081864042451,0.247777541890072,-0.176168075832277,-0.360152896645135,0.553983303029924,0.252063783290046,0.491249569980817,7.1800409386924e-06
0.377877080742006,1.21452406363666,0.729502360537055,-0.814048070734008,1.61901175963903,0.974340874025405,-0.654237925413213,0.139230676815445,-0.127177051663605,1.65156365932818e-26
0.362535769967407,0.956956283514509,0.729502360537055,-0.678131621871325,1.68691985174274,0.985702073447636,-0.469645093004435,-0.0281000410015637,-0.385982721467485,1.87151672270566e-26
0.411621202497956,-1.34642050938755,-1.03256464023456,0.0811252423558349,-0.460559366392022,-0.163828907272837,0.477219125199084,0.147332834140486,2.17930866302375,8.36175129137473e-09
0.561038805844242,0.467196339895163,0.568470008923735,-0.717552630895732,-0.1720189726508,0.0820212874118563,-0.494699563168177,0.415274745027938,-0.73849447496288,9.06950787393649e-15
1.48663397080245,-1.45516471363384,-1.5285918647816,1.33325337519284,-1.17572830141942,-2.04036948959472,1.03772244393995,1.5342100383047,-0.892135963691266,0.99999988079071
0.264691351261556,1.29031121802741,0.729502360537055,-0.655951084264689,1.82738462586393,0.992473078355264,-0.0427385905309764,-0.158805948693936,-0.5673064469165,2.2895228882107e-28
0.260540524402323,1.14466139838114,0.720895431230669,-0.958611475606498,1.22639347906439,0.902650481674112,-0.966238049410191,0.114924512542524,0.211272017601605,2.25310091443831e-26
0.914993833323386,0.673083547503832,0.694123401859143,-0.88145060773766,-0.0307890489991204,0.150027263122176,-0.672710110319434,0.139299586349433,-0.679491071961803,2.90414245691201e-17
-1.20019562392073,-1.63137297357633,-2.35052572724718,2.482477588322,-1.30436817624781,-1.84623804844759,1.54210478961945,-0.0487036946633122,-0.758739214131859,0.74879777431488
-1.5679220675249,1.58885732296723,0.729502360537055,-1.27421987352857,1.55728441989337,0.873508588927169,-0.690547147216688,0.352070011086359,-0.667331820671291,6.19898532823507e-32
0.485769069638621,-1.59695376132906,-1.22415275477275,0.475866807185863,-0.744309696931926,-1.40192650162508,0.203295569191977,1.64045387358926,2.54724583200145,9.45837186350218e-08
1.34124508292846,1.23520876632168,0.729502360537055,-0.692266431651701,1.33092376921331,0.634755565580184,-0.0211314741840274,0.122476507870803,-0.0161462241860147,1.34871548965636e-22
-1.3847201195645,-0.717679507214482,-0.273805921503993,0.223913431521491,-0.846997739293468,-0.527037874120572,0.116674794690082,0.937012278281116,-1.15277883423758,0.00434182770550251
1.67985562771527,-0.0225648191709904,0.721474490464156,-1.08494177844074,-0.161504974872592,0.861109541499049,-1.59598621237841,-0.112567713394805,0.140060215750483,1.82257712683924e-20
0.657324399130285,1.2797839680564,0.729502360537055,-0.936142773155858,1.99032507465908,0.90929504354883,0.369102830253726,-0.204005326901311,-0.60094408369828,1.27744510752447e-29
-1.71298579970907,0.568020688253093,0.729502360537055,-0.631500837446365,0.978702061789839,0.48078488454598,0.0383358680050252,0.205869193401228,-0.251955820928789,3.38021928063501e-24
-1.6986447378808,-0.786763354708724,-2.24241363560751,0.659541068495862,-1.21695024519144,-1.87689107960006,1.23156271413123,-2.42736800405392,-1.04585730117423,0.941060721874237
-0.155552360191731,-0.256137013972571,0.693940936239349,0.38614285407278,-1.11033839827196,0.766883804600218,0.586428393634962,-0.460234253113753,0.488444953638402,2.05092656618945e-16
0.251988435428683,0.750964446076326,0.713146976196469,-1.11681162640624,0.220953103867165,0.82358041435676,-2.02299784648903,-0.607616137942245,3.34394305250711,1.34477600958477e-28
1.08602749448228,0.155704594907216,0.457080371775694,-0.431202912806622,-0.60794487951146,0.42431549926081,-0.883989339809074,0.631903830490576,-0.497901085535624,7.27992405941125e-12
-1.5418221709062,0.982943719240265,0.729502360537055,-0.443412383048807,1.1186340093204,0.990235566902773,4.43892779731087,-0.0634242499175456,-1.45892570578131,7.11928815072237e-28
0.280014520769852,-1.58872838413982,-1.54004316590429,1.59489318197646,-1.0236169860665,-1.55152955798519,1.13205255884011,-0.53560589837866,-0.358127757724693,0.548473715782166
0.383949943460486,0.0281009965948445,0.488591691212597,0.618717609019428,-0.375573241437728,0.699639621547369,-0.978123884002464,0.583695144521815,-1.07031780960974,6.48044329309982e-09
-0.579890103896973,0.853125860086127,0.573605785677653,-0.514415148457206,0.064239318264239,0.575536960036232,1.24219634945909,0.472786823163039,-0.199662165013684,1.23585814554731e-22
0.242576358145132,0.0755385355152622,0.208157602474059,0.36955049707699,-0.673211562252075,-0.228118577229871,0.433802403986187,0.551571048836393,-1.00690332021507,5.33416550752008e-06
-0.913338351236692,1.05120403622439,0.696694923501744,-0.779047589373078,0.788391877486023,0.886836428180839,-0.181856826527935,0.161947146900171,0.12364078882534,6.60827008448093e-28
-0.194863908832773,0.406746408882385,0.572243856186821,-0.487818201110907,0.144618781656727,0.362653814249815,-0.20443983231864,0.837119729344895,-0.00113969171727516,2.30944773839804e-17
-0.128451304442037,1.1352418543025,0.724992348837049,-0.888653162269906,1.49250310029501,0.959634973921283,-0.766955281982547,0.0687011495153105,-0.247306762118369,1.02520476872389e-27
-0.716409243731659,-0.627500189434636,-0.911893752408031,1.24102491536341,-0.982761687403599,-0.88856145949867,0.462415323242144,1.76519932165136,-0.854397907861153,0.999994993209839
-1.25795409000842,0.988970217344089,0.729502360537055,-0.449642343505716,1.19404156994968,0.991701089158751,1.69409136393578,-0.185131668487938,-1.31666246568232,2.56482855522978e-28
-0.633122623515273,0.289061999101517,0.702074273719212,-0.291169681028945,-0.159648612698905,0.712894207391612,-0.511934909970396,0.0414450393996076,0.150187008248639,3.38755451953942e-22
-1.69919044730735,1.3402285268993,0.729502360537055,-0.778045786686539,2.34101718645649,0.92411108094237,-0.400054206304917,-0.123976996743997,-0.823094492312515,3.64766406920048e-29
-0.957052889912595,0.244100505555884,0.564890898593882,1.00920151243167,-0.601940590937806,0.780598597958966,-0.435940308273521,0.0147768272172929,-0.155524970365717,3.74880925997981e-14
1.72544262711922,0.347014550098108,0.718790173401911,1.01179993814988,0.128531000872706,0.788310771163393,0.93535984498696,-0.566241439465232,2.72536555035858,4.23694558548959e-07
0.16860654224756,-1.28866875886124,-1.81554893901944,1.68608796457292,-1.23864781412927,-1.60064170818582,1.20179793176313,-0.668147329335719,-0.566478965472592,0.620231330394745
0.359498644379965,1.27166491601031,0.729352428198967,-0.949012944327536,1.3112924154409,0.954573109943684,-0.875233236215167,0.174263509949062,0.259678997597953,9.38537401225384e-27
-1.30318022471032,0.305936193792225,0.679419250625785,-0.833426691451733,0.563001439531306,0.726109998490434,-0.599197011221833,-0.305859765385969,-0.458334704328981,9.352815010986e-27
0.77580486619806,1.36648679255861,0.729502360537055,-0.664090731092812,1.32342209764851,0.945044376884266,-0.697607657899251,0.110571409947118,0.213903260084101,9.40595736542331e-25
1.03533607471627,-0.928546948559504,-1.41754083973234,1.41324105844613,-1.05953867184024,-1.52962590706889,1.04880953178793,-2.39441360257811,1.61827903340637,0.833470165729523
-0.172777540839403,-1.66639210871176,-1.80864400372296,2.48479425703461,-1.16509943475905,-1.44098310933273,1.4973814269563,-2.34653818705622,-1.23428131934763,0.975778520107269
-0.0718840401175189,-1.29313641518732,-1.11586933526897,1.31023004280579,-0.955972786371173,-1.08513868218586,0.833920308019618,-0.873684947911408,-0.43907094099513,0.327757209539413
-0.245268127543055,-0.454620286262213,-0.261890724081675,0.0683421700635433,-0.130586114335867,-0.166971391149559,0.277615037895751,0.181080737169101,0.332668399435139,1.82201858933695e-06
0.199470146649294,-1.59588682477119,-1.53346882838225,1.82521246389849,-1.07827383958546,-1.48014012558721,1.28576416277491,-0.552284182647983,-0.506212284022049,0.548473715782166
1.35526768118088,-0.794584167632601,-1.37804473247372,1.14989217722239,-1.37125187793751,-2.16301338836664,0.492253410544855,-1.50238951913414,-0.374728757499333,0.966312825679779
1.00818022957245,-1.63176019653141,-2.51065765935467,1.51467358045813,-1.29269872155369,-1.65379491177693,1.11447705524593,3.04840233199388,-0.565664504223985,1
0.0734886415581029,-1.86948306516961,-1.26664363217334,1.85392930352522,-0.910102313609777,-1.51125346784331,1.16616080786599,-1.06108588785919,-0.709161689056058,0.548473715782166
1.00275282278165,-0.0881695129756739,0.717856482463397,-0.702174886348243,0.570733516958949,0.36805370449681,-0.224544482623614,-0.201331073436358,-0.253562262157681,3.41428329795352e-20
1.02873612130383,-1.14910041762615,-0.842444836588928,2.18384646873173,-1.23972393976079,-1.24282238535246,1.63588195258462,-0.505686463595632,0.182999236001209,0.727169454097748
0.224609634277917,-1.14149775847979,-2.10155347501046,1.6300374210798,-1.18850116923471,-1.86364435258036,1.28844293505337,-0.530773065295442,-1.00025567115186,0.918119072914124
2.01575707332539,-1.10309723979289,-2.14689009559668,1.23864563398288,-1.09739165741227,-0.431836587307372,0.830422586749704,2.59216154528773,0.769261530887879,1
0.191138359443699,1.13718588909604,0.729502360537055,-1.04915863873096,0.767509300978325,0.948831314704899,-1.07151462164506,0.804411814091436,0.164467471990561,1.26300880914011e-24
0.398670356253432,0.690235888260869,0.668315455923205,-0.415080150820146,0.489189864823173,0.687214431270042,-0.284792392891822,1.16135893323395,0.466567176681386,3.93029987688957e-18
-0.563695641943435,0.994211256391823,0.729502360537055,-0.701699608068947,1.71453110539194,0.984232931453156,-0.445913889767092,-0.017673843317414,-0.361371502980678,8.62554808983667e-29
0.470842852174597,0.879285557483765,0.729396090577422,-0.989676604217747,1.07970575812036,0.961741940170415,-1.04382957922978,0.0409855881314592,-0.419797865567375,1.42744084976903e-25
-1.61066901295581,0.679497268562743,0.729238641261868,0.0865725444638868,0.458889558766861,0.837847420893253,1.39894018871824,-0.179616644718986,-0.837295077761288,6.30783655887542e-23
-1.65331008862643,-1.45313042965852,-0.491008481189106,1.52663260002868,-0.87397115199044,-0.34964144951071,2.31803817513181,-2.99544127430923,0.0714447619351956,4.6273667976493e-05
-1.65478134971534,-0.0263774554948362,0.700849322732758,0.212361394292347,-0.294523153732927,0.798933629386399,0.556925113661264,-0.578933276774828,0.468182493276184,4.17977594697313e-19
0.354706611243784,-1.32419074894259,-0.476236788479539,1.2175588420456,-0.880963589211358,-0.950520319298174,0.778640822921299,-1.14620696582679,-0.826860304964308,0.0288036167621613
0.847618306112312,-1.01578119034291,-0.546451011169986,0.891207939757835,-0.74222192179174,-1.97378150550319,0.900107127083966,-0.618027447345287,-0.503678948740093,0.072698786854744
-0.429471231441017,1.10373786022049,0.729502360537055,-0.990302730896833,1.16552218175936,0.950882726638357,-0.894023119230894,-0.111569476246608,-0.239805445004182,4.49684720676557e-29
1.09103950919726,-0.109085006394829,0.719201232905886,-0.268065606570657,-0.36008064313375,0.811024775706833,0.238417214207243,-0.249483814590652,-0.294468823616051,3.98339406070637e-21
-1.77617033971177,0.32575546447937,0.729502360537055,-0.798551435426619,0.785716075105393,0.715767516953425,-0.213691385452987,-0.894348305877033,0.614590529253029,1.3468212374077e-25
-0.896159421201301,0.454548000879192,0.242522550958672,-0.271728447643312,-0.0208963821310697,-0.0173021083028459,-0.182297597488129,0.598047416858798,-0.734420711550836,9.94610643845206e-13
0.0087142805077175,-0.141767784505205,0.0633388844434048,-0.142582472883531,-0.505488551455726,-0.380051913401121,-0.0177012299262843,0.0454646491831322,-0.369524453717877,3.65680783431799e-08
1.50440163282929,0.114784400090028,0.359076736572985,-0.242989233073246,0.314334223958407,0.224073312630516,-0.0909173584000251,0.47378274711806,0.455570598324493,2.64314056752646e-11
2.14081765980096,0.672499986148982,0.729078986841566,0.0628110369925571,0.606107191317753,0.825125924506463,0.897936743947221,-0.67271190120246,-0.434442219311421,1.12354753530947e-19
0.214883827935056,-1.66325069431556,-2.33142272622706,1.97234087653634,-1.31178494492611,-1.91599262397214,1.32404236991567,-2.33984204837637,-0.781389147922651,0.987667560577393
-0.833067537415706,-0.28769295788997,0.676610569116385,0.938480504028858,-0.930157922503125,0.435617838589359,1.14571194042607,-0.380091807461346,0.435308137962276,3.29089741568644e-11
0.551011936512321,0.461168303040064,0.553548712741662,-0.717256634112097,-0.17789444920755,0.0834581305727759,-0.497269240947872,0.410303246528163,-0.741487889684288,1.08080057287263e-14
0.392345506180448,0.390893788074319,0.70638602390429,-0.881356688735797,-0.0289851757998685,0.758712268928993,-0.843250460135357,0.0732229184896217,-0.0222702266607978,4.75222367970749e-23
-0.0162348949510398,0.07759865861167,0.176983992677485,-0.254958974668695,-0.163311164166545,-0.153931369332909,-0.127023151029187,0.0441748072396838,-0.34423555232824,3.15833054154169e-11
0.100629313963906,-2.37976586887138,-2.5799760736465,2.73715461504039,-1.35343200477732,-2.14936068231081,1.76150731232381,-1.57123707876667,-1.36837034744766,0.985569894313812
0.0863290298976717,-1.07476878110594,-1.53918642989088,1.1461520452165,-1.1709785218838,-1.48062062623932,0.90163731704416,-0.305787045104634,-0.573174890620387,0.412068128585815
1.26677119825305,0.613860250753221,0.699907446392566,-0.551387928857258,0.025907872931692,0.545274092392478,-0.275609718394452,0.469886108764218,1.38973836134019,3.55540373549979e-19
-0.845848923176074,-1.53708691093478,-0.921106935529087,1.49773685378884,-0.9554568653411,-1.10987447622535,1.19243857767861,0.480330131195962,-0.695617611812065,0.0052343625575304
0.888723895179029,-0.0388891067176493,0.710776106065838,-0.0135451115220306,-0.34945002354253,0.828328684926064,0.140698360278031,-0.246420269029278,-0.968002591451334,3.48492096797386e-19
0.537145397382713,1.19405751472916,0.729502360537055,-1.01127797464623,1.74758447224531,0.965077832701262,-1.07428413308737,0.227666248564909,-0.262881396358438,4.12245427855604e-26
-0.4895516812528,0.622008294343368,0.626297277448192,-0.248906130190613,-0.136477146032979,0.32121822225566,0.232545033991671,0.565351353837365,-0.74176063915467,6.05704616544149e-18
1.57963732757418,-1.55518276677957,-2.12622016493524,2.04218530758843,-1.33544037817596,-1.87711984828202,1.42774455025396,1.49952652311864,-0.940187194703551,0.999999761581421
0.672966411991235,0.604217853787102,0.725428382631426,-0.497760178793507,0.257960866514175,0.757309599456515,-0.0456954062793765,0.342815697146013,0.444840280944764,3.47388594239387e-22
2.25123147372714,0.808284351118127,0.694536413670694,-0.656045003266552,0.571925452608709,0.831045697695937,-0.958778289722358,0.696128625642205,0.357506680434813,1.61001094394729e-17
-0.930401923104841,1.22475334747253,0.729502360537055,-1.20597206550815,2.040830703092,0.990450179590527,-0.731307869431721,-0.0791825399500029,-0.887085880491047,2.92367403283976e-31
-0.0944451788725079,1.04523753040939,0.700256689020389,-0.673764388284697,0.396486322088835,0.852121964475836,-0.0760778847450629,0.789235589941678,0.0375497395421564,6.22410307586292e-24
-0.318251731908467,1.29236771644227,0.729499226603496,-1.05761134889862,1.04682184891791,0.991230648232071,-0.0283788389908743,0.0488366376867205,-0.408082382572137,4.80288701053888e-31
-0.287913517974427,-1.69485026898846,-1.80942037825169,1.58677206755493,-1.23981735115942,-1.52394425459262,1.53001514482978,0.187325886209791,0.435148381375977,0.521317422389984
-0.523117889136707,-1.67091334575074,-2.26811122777527,1.43524941121602,-1.17936679517621,-2.01892735543442,0.891145938979734,0.303016994140751,-0.900700691790057,0.624585747718811
1.14099279968918,-0.345247378242598,-0.0247135692639326,-0.198534238858111,-0.975657710855333,-0.966479845788572,0.0132817884693064,0.00514236533652557,0.0147755506286875,5.85479210712947e-05
0.0615231852649198,-0.814561599808445,-1.63593127512914,1.4267653947144,-0.92051449848405,-1.3263879657125,1.00613239083373,-0.956718655979449,0.42095667129311,0.597445428371429
-0.918054422722943,-0.797076574540699,-0.886891060256719,-0.341134590020041,-1.07519342888359,-0.102136698807568,-0.455431507540464,0.561777615272586,-1.36326701205201,0.932680726051331
1.62607219459032,-2.05960338499185,-1.61910222146819,2.92834239649943,-1.46321600086559,-1.49398370827162,1.5511679458295,-6.97963354775204,2.10219060867101,0.991498172283173
-0.20098897809577,0.393595642241512,0.569154260957702,-0.476479958476957,0.149695360590222,0.354615028380069,-0.177461668128575,0.85508942255951,0.0151164127880586,3.01947360274232e-17
-0.35951682138895,-0.180933953019061,0.495264349360161,-0.350056895197023,-0.728761491911631,-0.308548616318729,-0.143982733581067,0.739286021377943,-0.467458580479818,2.30328409123182e-10
-0.569624589351965,1.3582129114846,0.729502360537055,0.0565810765356473,1.01147653776346,0.991799233772029,0.476785941098024,-0.327981432237352,0.0128762223249142,5.34955097152092e-24
-0.401467102071542,0.361423075020525,0.724970334798916,-0.979658577352364,1.16579773881386,0.647573979451746,-2.01954119440732,0.0889656456839898,0.625542730780395,1.95304841851079e-23
0.154524318296055,0.0840738020604961,0.23688199066511,0.222535952827501,-0.497337748437033,0.0186261940807809,0.385907906071456,0.278993637293225,-0.895375472246768,1.89944326933755e-09
-1.78059333866151,1.36520979483657,0.729502360537055,-1.13963394385894,1.60920846418928,0.992473102855183,0.0817551562388327,0.0615321398812256,-0.701271219893858,3.55590751277787e-33
-0.255793770023318,0.705833883353119,0.729112716356723,-0.830233445388392,1.17596408664321,0.779878563859141,-0.889017223370406,-0.0877886450638658,0.343767614013126,1.32370135746427e-26
-1.51010724102753,1.32872104815603,0.729502360537055,-0.913602212708748,1.96589960367416,0.971160060006433,-0.261960265563066,-0.16331367313317,-0.154513178652492,8.796937987373e-31
0.40672151727654,-1.39777084782828,-1.72591198670271,1.42510013639262,-1.10342787653356,-1.57934247228678,1.1090436375395,-0.186683053721082,-0.147021383075846,0.548473715782166
1.42545196213844,1.11827036033842,0.729502360537055,-0.78399399013786,2.22567698178081,0.978270206789372,-0.763631920558517,-0.0389413834632676,-0.460092026778267,9.93168227722473e-24
-0.308803140193347,-0.372156646698949,-1.26794591709094,-0.00935006277215162,-0.921892365131842,-1.11561087679674,0.126696380301803,1.70963307267526,-1.42267871142331,1
-1.46797934671842,1.21834175474316,0.729502360537055,-0.834084124464773,1.98943327525037,0.973010010205755,-0.860000900507222,-0.0994351553957033,0.112546581443487,6.73320380580384e-30
1.81155835827076,-1.60548902787429,-2.61408606270048,2.21768861573635,-1.4468343599047,-0.918727291274432,1.54284291263553,0.577746480774815,-1.15191792374475,0.99994969367981
-0.406869480368987,-0.387154718903036,-0.517129807412291,-0.145250858467857,-0.934683109244257,-0.949318750139706,-0.302172804968858,2.40542647393788,0.572547920958757,0.99999725818634
-0.104332221719191,1.06448520487051,0.721796743980667,-0.790449748159326,1.31038466046225,0.892656134148537,-0.59172498558818,0.223273344123,-0.203904536944848,2.68835075888533e-26
-1.44650096018819,-2.42407290108447,-2.46150732940799,2.09690877934058,-1.39572677622684,-1.91239983621956,0.384363788138587,-2.30440726095751,-0.402739412297037,0.954276204109192
-0.180900408920839,0.222525033314682,0.563538310611649,0.0101260135701597,-0.148881213671509,0.525757056113472,0.532553742335566,-0.202097850168649,0.504855461904142,6.38347719503584e-17
0.280050113989128,-1.58893083876433,-1.5402662371608,1.59512664122038,-1.02375854198594,-1.55178035280464,1.1322031513619,-0.535639745618208,-0.358127757724693,0.548473715782166
0.481967776158792,-0.654605796290749,0.197404290084056,0.948435918226332,-1.08927286310998,-0.763003783493453,0.515473519934888,-2.28012560500024,-1.14204851685785,4.44195829913951e-05
1.14449787111702,0.411837880921622,0.635228903624011,-0.941151786588549,0.279224476365159,0.291874630255913,-1.73190064442914,-0.267414127624706,-0.297584077048876,2.54904176087688e-17
-0.948553152406377,-0.348590584883,0.316753636045627,-0.10505352567051,-0.0878327316937208,0.678878309341444,-0.687879966098402,-0.0802284880303136,-0.687416773715399,6.69097174430314e-18
-0.233059926104475,-1.38898231138053,-1.6985845422033,1.7528521691826,-1.1464282788403,-2.0462298857301,1.32072727358105,0.753516454777585,-1.28341534500038,0.479511886835098
-1.18682620765985,-0.133347031969284,0.686887181350226,-0.966071628416189,0.5444627318539,0.52817244709314,-1.20390672067667,0.161519375298763,-0.270336703719044,4.18447165097779e-24
0.548762703647182,0.565374420920139,0.571286267344884,-0.752282141983702,0.0320525524957715,0.174008380765708,-0.536922171017769,0.386605506329787,-0.742081769457402,4.95975324764868e-16
0.168295624994372,-1.09537738284029,-1.05831226283852,1.08843088054068,-1.05101267484581,-1.22175793066848,0.798106041454231,-0.627954615591296,-0.674082474949139,0.100118845701218
0.529494822778297,-1.23541295969956,-1.50003147470777,0.938793567368401,-1.04438367451938,-1.40607443706619,1.02294000640206,0.0825797612759718,-0.910135205747586,0.0162108931690454
-0.692512389642103,0.124404442177929,0.536965992860843,0.015997625243136,-0.313252525161251,0.468221934318095,0.415123152160794,-0.171007137786606,0.755143587217883,4.27971946339047e-16
-0.360356172452535,0.76974748632028,0.316507023057519,-0.218507679920968,0.0916387593965097,0.0643760307124865,0.347712522651704,0.188520491480156,-0.364042816949131,1.81070402541141e-15
-0.135578195910399,0.548659207684139,0.66049260668243,-0.826452503005711,0.102815725941011,0.276506839471165,-0.616818533950533,0.403370032681692,-0.508849210574975,2.84633934454051e-19
-1.60811902957312,0.187185161284388,0.495991486865774,-0.652157309406275,0.124402548138063,0.535054037492699,-0.613423107498304,-0.148771153878013,0.0926219805433217,3.06308681532665e-22
0.65042595625907,-1.77876311950922,-2.16567284195762,1.6858253081864,-1.28332704878194,-1.74359640059638,1.19190458409777,0.623776821737545,-0.904659104983903,0.922264516353607
-1.25747664819703,-0.194586743785206,-0.309155348464074,0.444286550694631,-0.599564879592458,-0.136211800693172,-0.139428694557196,0.219001611659032,-0.813044847865308,7.08068773747073e-06
-0.690827798683541,0.126864753886945,0.538946827318248,0.0257753673715924,-0.307856992919142,0.471738987276871,0.421102636880639,-0.175487423948805,0.772786711451256,4.72445808281328e-16
-0.756653209953464,0.986308741258418,0.729502360537055,-0.965342190835053,0.529768421015865,0.965349886929405,-1.69817129908288,-0.196355810966521,0.746780229049291,1.58000644483855e-28
-0.464401251965184,0.349288803228692,0.673857826382853,-0.718532445839376,0.355719174171021,0.364135125334621,-0.32837860603608,0.566929791932586,0.419190473477919,2.19975537068176e-21
-1.16734084407073,1.5603629810884,0.729502360537055,-1.05823747557771,1.74963072937949,0.991466582182476,-1.15252910953578,0.123704687342514,-0.76638090417648,6.67604476293013e-29
-0.986128197347063,0.449334125596607,0.696120706780207,-0.0712113786658892,-0.467937817033952,0.504735288947347,0.289595855082765,0.821009782394182,1.3237233897352,6.2825653789255e-18
-0.303667543953828,0.394217573707698,0.701543893713087,-0.712177260046649,-0.194194353724054,0.468493492275605,0.0435248331683808,0.585659506677049,0.697743832421498,4.01779026419663e-22
1.1675905385093,0.510206611696986,0.729045546536656,-1.04227124526101,1.00435217512745,0.922315767044475,-1.32339885222153,-0.0474328605616339,-0.199777544770455,2.125495936747e-23
-1.57512172196164,-0.392134078874793,0.12256620044142,-0.155769786676509,-0.287553697751942,0.430897792052467,-0.899824885657799,-0.354778635019821,0.880700625197122,2.21289983272322e-15
0.53093737288935,0.625830611197062,0.694036104144361,-1.01915822627213,0.797487796833232,0.714692269982558,-1.39731572210356,-0.164271651080255,0.18664624562919,1.20249475661949e-23
1.95616544184824,-2.62790488310467,-2.03249123714639,0.308127469858613,-0.813191490784008,-1.44433743141345,-0.617689826469973,1.33461371825084,1.63446770081797,0.933760344982147
0.190342861688294,0.645142704325152,0.729144438180271,-1.04696719535415,1.35013870733547,0.936928256728072,-1.08862891743471,0.00298975397213668,0.912483310504656,5.8126775726218e-28
-1.14304443376591,-0.223239424323461,-0.149366017139952,-0.414078348133608,-0.360534830408443,-0.317095608873623,0.0378825604194349,-0.138652766637145,-0.966289645831576,1.43429393362204e-10
-0.97400152558582,0.303667394506078,0.533987785615315,-0.88999723690719,0.304303857794354,0.423306973591946,-0.646850936079662,-0.0216503092216575,2.07260013874213,1.49316611979611e-21
-0.504260047906161,0.640379635842565,0.704672605809747,-0.767339020474162,0.795031874500679,0.80255795631454,-1.03753760740893,0.243076218311654,2.67140332565325,1.32840121201127e-25
-1.40509534430164,0.218238375231601,0.0766843032275503,-0.145876985146944,-1.16202968457416,0.689997359321433,-0.0460876657676415,0.426102794158629,2.19302110334772,2.30531961083303e-17
1.76257994718968,-0.281960967385789,0.722578750805625,-0.0792884128261037,-1.26635660466334,0.845642065783215,0.166479044686516,0.667944245801487,-0.411774534788818,2.01663806367967e-14
-1.65355458160551,-0.13647421316171,-1.49965997156096,1.02516774274837,-1.13025904989735,-1.56415892641992,0.847712702570142,0.376177238303802,-1.26173282609329,0.646142482757568
-0.472621261268914,0.0856212202336799,0.699023167018631,-0.736413843043174,0.228648336211687,0.682371598974591,-0.819713662305951,0.079592581495806,0.0343053697504982,9.8190076964102e-24
-0.135001906806031,0.432307223261641,0.587683006087549,-0.650034187147322,-0.0400649334088659,-0.0559204966433628,-0.291373308638224,0.502309702049971,-1.19467943667737,6.31602526152846e-15
0.166667880007144,0.220201759229227,0.456113121503253,-0.778171012022357,-0.0185260953174998,0.455698561117809,-0.802763346991862,-0.438378805989764,-0.144581644204257,9.63105289564957e-21
1.6701292205343,-1.02506363357613,-0.538343290286396,1.22840846277982,-1.22815244181364,-1.34561894427103,0.551538859876564,0.248412099205112,-0.619830862345147,0.999014139175415
-0.144830190262666,-1.50742890488175,-2.35591106521767,3.08233825322073,-1.33231145861532,-2.15742636877155,1.92586088793066,-3.55838513786571,-1.28843880210289,0.999869227409363
0.95811371131165,-0.366277244787303,-0.0722450041416818,-0.052921972631736,-1.00298864008789,-0.939610824703122,0.0928801425139682,-0.0935072729420796,-0.165417524095554,0.000176675865077414
0.280014520769852,-1.58872838413982,-1.54004316590429,1.59489318197646,-1.0236169860665,-1.55152955798519,1.13205255884011,-0.53560589837866,-0.358127757724693,0.548473715782166
-0.951688131214727,0.423264749183687,0.460512591352142,-0.57248839794247,0.021675531917976,0.303332608275,-1.45764555302176,0.840002897393339,2.28748162267978,3.91652636326298e-20
0.24820433585065,0.904724682312625,0.719187387389005,-0.825099206619883,0.108997258966542,0.820161240886167,-1.50235311749491,0.626695543768667,1.40994756950697,3.2659669464556e-22
-1.4652072946106,1.37829902148741,0.729502360537055,-0.763957936407095,2.23301461411695,0.958595002261145,-0.514279774756289,0.70016174646374,-0.178299159279186,1.84679814733395e-29
1.43314436384171,-1.79031436202858,-0.712465598635679,1.51445443612045,-0.912674304816118,-1.5415866987477,0.831155270591934,-1.75354295778239,-0.601742866629773,0.548473715782166
0.140453997213119,-0.243714572704898,0.043798640683072,-0.0613274092907362,-0.734972036032329,-0.546191054075421,0.126831633136769,0.0577953865908175,-0.178275112450161,2.24659103764679e-07
0.144357963276988,0.488944599625134,0.722380951523385,-0.983415337426882,0.790360889326843,0.873643009556824,-1.49431579881839,-0.111849114846074,1.63342928300703,2.24676691603721e-26
-0.770310532568649,-0.0119029523567828,-1.41096385360329,-0.692892558330787,-1.51138099423818,0.266876116436696,-0.700053665581493,-0.228456017584649,-0.963919923134812,3.14995276085028e-07
0.0743697262270324,1.46979058744725,0.729502360537055,-0.978093260654648,1.97971227114649,0.988526418332141,-0.380430108038661,0.171686646665449,-0.724755438079765,3.69593226713451e-28
-0.0668003378511734,1.14757338766876,0.72526569751795,-0.853005776156714,1.50268406213949,0.944790600748095,-0.652246100769438,0.0315110676974566,-0.243484146285289,1.06153580008431e-27
-1.26532343734792,0.48227534600122,0.714910103451547,0.413911572290263,0.0604938324536554,0.919677340569079,1.93160754366659,-0.987096039176036,1.31783902213987,3.08651671546684e-18
0.10299582092427,-1.35696218849299,-1.72392357299884,1.69168085490372,-1.17180924017216,-1.7246718731523,1.24905133132643,-0.560186259481055,-0.607083761136763,0.557455062866211
-0.764678321261065,0.600547549501027,0.729396090577422,-0.923307176234587,1.58411623157487,0.968033113891729,-1.28833056543816,-0.0300248092941737,0.156302135357517,1.15717514593252e-28
-0.679102892500571,0.554369715625157,0.706496660148993,-0.484110617189423,1.10478579141984,0.806644391107399,0.404521724629007,-0.157745715255117,-0.883952876326411,1.00791488287069e-25
-0.387583847118939,0.704687435749393,0.714077215956237,-0.843928714894222,0.871000011769278,0.816811922011499,-0.863387472934659,0.0990170507193233,0.0675291635129352,4.08831416584107e-26
-0.889675206504396,0.420199688609614,-0.0648675840583522,-0.249000049192476,-0.208364329213236,-0.403172139388935,-0.114628635087808,0.496755751818719,0.927509304982638,4.0717679894442e-08
1.76910457147101,-1.17512616328357,-0.752638857639395,0.418889279389,-0.669174913965653,-0.559126503435305,0.49351390901776,-4.16933288988429,3.65640918457554,0.548473715782166
2.07552540857955,-0.121536133246438,0.727056956942804,-0.249907932877151,0.245650731683884,0.900902127493945,-0.216096306495276,0.0425387433644085,-0.238456389386549,1.25538546317407e-17
-0.183878099930242,1.2538183477084,0.729502360537055,-1.01221716466486,1.58372319852306,0.991955086967017,-0.695724256468279,0.0606433127002433,-0.5388165223599,6.38360855090883e-29
-0.978639115322372,-1.41549890303736,-2.34355167036708,1.44201157935015,-1.14868366675306,-1.95333070245423,1.21522624053581,-0.807244064581322,-1.05100501339941,0.890088319778442
-0.132870573074513,-0.531774311861497,0.167493246869484,0.218246985075759,-0.385966027831845,-0.780733347700849,0.225895559995632,0.658923016260752,-0.944429619606371,0.000571937649510801
1.03969585472681,-1.6092085497809,-1.79403741633077,1.63341850514687,-1.16779542063366,-1.87242820989789,0.773046965370798,-1.23799838596099,-0.565415993978632,0.909907460212708
0.636266356598188,0.732962901834138,0.727643123607165,-1.07514289591304,0.882961601438752,0.791783717555504,-1.21418243358254,-0.237659677478542,0.495607373924126,9.18473402028428e-26
0.050578410052697,-0.537380863943607,-0.597259059293572,1.18132373651252,-0.593483258047922,-1.33761381401907,0.5817920523535,1.28395991048288,1.38120913470502,0.100077748298645
1.644543001767,-2.41220533558771,-1.02939545738691,0.324344150846952,-0.63480222569258,-0.524437218999559,-0.530698972496398,1.19138999099317,3.39155051522413,2.89108309774883e-13
-0.0563328558634327,-1.67260949137091,-1.55699166059878,2.1825002963717,-0.998509644756064,-1.07790684956181,1.79928433415526,0.846768266123635,1.64794050626249,0.548473715782166
0.131826723362089,-0.0336969706077939,0.250556355321963,0.409364884795129,-0.247738662025271,0.256451580936143,0.727993317177857,-0.84048713090371,0.6059571307782,3.01120950396694e-09
-0.126830814181826,0.427088662618619,0.642492722100811,-0.707791612380833,-0.0188045628999045,0.231450968551373,-0.499446502349548,0.490721267655091,-0.420323255753227,5.64824316696013e-18
0.0801472504315021,0.536977405712853,0.631038309585737,-0.583602146496254,0.101799288732197,0.453463441500149,-0.0361090494356063,1.4838112109944,0.751652804931401,2.41364188989706e-17
6.81471516626908e-05,-0.129393330759992,0.0782326112233603,-0.151823648657915,-0.484638862749729,-0.363569605599098,-0.0321216309288961,0.0452771787822804,-0.353762818266225,2.05627355143179e-08
0.906335989501655,1.25725027908636,0.729502360537055,-0.831579617748428,2.12024090311656,0.915811411139023,-0.735277325618565,0.464638106211315,-0.643102071749323,1.14568777842926e-23
0.979903583092961,0.349326980139756,0.711749023723714,-0.932479932083203,-0.0705836856680235,0.672850581406032,-1.6461206286916,-0.244450433764014,0.637551100850514,4.43705577466483e-21
0.667112742599596,1.39704162347017,0.729502360537055,-0.750934501482098,1.90801545320142,0.99232816503141,0.048123025416973,0.175154535681071,-0.471274987819175,3.01155527621594e-27
1.72803051747186,-0.11554781205368,-0.637044040955741,-0.309358661056406,-1.08255257927208,-1.07568648571753,-0.0334328735779298,0.306107664978676,-0.720788149520015,0.999989151954651
0.291271858167337,0.144059971929427,0.542887820273008,-0.993151607286676,0.509932940321435,0.832534319663101,-1.40639755972484,-0.0676498623293582,-0.170879353382203,1.72606678812447e-22
-1.48897211668666,0.185864354648525,0.32627717954127,-0.11701254524106,-0.0527185291827943,0.488525485488284,0.914848436168907,1.13579537820094,0.198939393167457,8.37959900900227e-17
0.493513292967376,0.413793283683485,0.514957254341309,-0.986545970822314,0.345373707775101,0.496532713589664,-1.79103769627975,0.0372524199513142,0.396735797737047,1.15152257683086e-18
-0.308742507656172,-1.13714559061838,-1.41851181797698,1.17402936070117,-1.33678125946721,-1.95542499970464,1.35985969397715,0.0900819392417814,2.40544411092955,0.548473715782166
-0.645662585896411,0.766341759999739,0.728629152876179,-0.991868047594549,0.748269362227677,0.884937611775622,-1.693751676807,-0.196847960972681,0.867840220000077,5.53280239606842e-28
1.17950665433779,0.865058871716143,0.657839437199216,-0.90521211520899,-0.315211447902786,0.520762004142577,-1.06137977501556,0.0907841370633147,-1.08005408600805,5.38549896475486e-19
-1.13846965496419,1.15094939714823,0.729502360537055,-1.01991852281762,0.910724989245751,0.977028097228128,-0.0349949194626438,-0.110182480189622,-0.010288482688396,9.78744714319508e-31
0.639068887465394,0.224553927090629,0.575212083118585,-0.259268526729493,0.163288688262635,0.381962870107171,-0.0740166675760407,0.699780469819119,-0.306281935636249,1.75795013583006e-14
-0.265267607826498,-1.28973870414498,-1.83862046272795,1.60881172665877,-1.25327754388965,-2.32123323436264,1.18821679736395,-1.22440219485653,-1.02002111102337,0.946594297885895
-0.442048263567178,0.162919973630677,0.698713231694936,-0.775270592614779,0.294241066304373,0.676020703814983,-0.90382468863321,0.0313966195819173,0.0671097708758419,5.92509639379157e-24
-1.43010334471251,-0.728658096067874,0.179120248519978,0.779694778212544,-0.350048015873927,-0.994108586114309,1.26599116372011,2.04249217699248,2.20152370388517,1.1285070655731e-07
0.989305985881728,-1.12493443292204,-1.18472885033375,1.75911343597346,-0.951546648588926,-0.869911025759573,1.27296069490184,-1.845593388324,0.0734417192639292,0.726755201816559
-0.0314447681250467,0.233247355124562,0.725136938825732,-0.713085143731324,-0.133483958215149,0.562817331342444,-1.5540404703755,0.362041214118893,1.37232489343363,1.19821061838848e-20
0.906732389440028,1.22712111408214,0.729502360537055,-1.06293342567086,0.546764720671408,0.939746763982273,-1.19214266004401,-0.041566886076709,1.50376018712792,1.04770927938336e-26
-0.39237758129359,0.124814020011234,0.0114295664085727,0.114028199341826,-0.713067015031203,0.085764182689214,0.613971137391771,-0.415267476935538,-0.529302130109222,5.92305648972058e-11
-0.0592349952369212,0.178900821056323,0.438278143063847,-0.514654320891922,-0.302319382120764,-0.0853768002046464,-0.29546786559576,0.373011736955421,-0.274133861198984,1.25037919471507e-13
0.128645232902379,-0.980936112254699,-1.35188629942102,1.02520817568027,-1.12581336358575,-1.35871306232928,0.807819587083008,-0.375761426392481,-0.605031865048806,0.1845433562994
-0.914566496592864,1.43350256884613,0.729502360537055,-0.653446577548343,2.40576570375524,0.94970097747613,-0.0140496945521291,-0.167863418713371,-0.742062401595457,1.86612524553039e-28
0.476442361246949,1.4248562301032,0.729502360537055,-1.07232532585715,0.675878703320552,0.988439386859371,-0.980356719647989,0.101284274441146,0.294047814210611,4.21167329137857e-27
-1.41877285206038,0.974070314339883,0.729502360537055,-0.368527632230072,1.02033457532406,0.992473102855183,1.95156948315242,0.211877843267182,-1.17390220509263,1.29377724021265e-27
-0.149951348417933,0.384054474790033,0.561135700815089,-0.485478860084186,0.115639634391724,0.31916266764271,-0.176340689041971,0.927718390421807,-0.0186059625246249,1.56409451210394e-16
0.220525428614121,-0.470754038109783,-0.150741912398979,0.116442797719383,-0.830915709954103,-0.731176117992565,0.217511089734496,-0.109366129217584,-0.264157102758126,9.53170092543587e-06
1.62386493620268,-0.884283547101916,-2.10144182023735,1.19159221404954,-1.33439435301472,-2.22034496734095,1.16747308249178,2.53517257306514,-0.972963920992499,1
0.744760972377825,0.473336494967584,0.688820244371334,-0.41445402414106,0.0769907918444364,0.468783425765465,-0.0925992075681546,0.600790040445198,-0.771439862742605,1.68494308496888e-16
-0.0210371093221958,-0.0309673915479017,0.240755376415731,-0.300219489007295,-0.4374976231692,-0.259899822101237,-0.135557689696165,0.145269930362842,-0.353794043656345,1.75036568572651e-10
1.78955150695165,-0.126291885596245,0.707547727669721,-0.851239995471741,-0.168735913674438,0.198261503756641,-1.58089558617826,-0.095051368055348,-0.890724780512295,1.54666196842089e-13
1.83973691940659,-0.298764262098805,0.137537497730293,-0.236007920601433,-0.476079836966105,-0.527723720665855,0.0843187396560273,0.106277369075261,-0.36935028576061,1.8928294593934e-06
1.79050734909562,-2.3157922736154,-0.993655363252414,2.01454181470677,-0.725551334190524,-1.27755936528508,1.05252710651503,-0.929661501280052,-0.741929271106875,0.548473715782166
0.540436796462268,0.557470159677778,0.712011733996865,-0.943092779293717,0.678800980641691,0.740880043728849,-1.03575856585937,-0.777236230239093,4.14489157328151,1.45288740715968e-25
0.162231822556184,0.217720260010005,0.611615542439495,-0.0444757694688994,-0.170303280367139,0.375036110590569,-0.0398551857479952,0.631187679313794,-0.416691487500456,1.77440290379752e-14
0.477785809765377,-0.7259529892267,-0.914488390128676,1.42322777897756,-0.804921188925752,-0.842059005518691,1.04755551467723,-1.5413162777412,-0.173728345837863,0.548473715782166
0.728322975829954,-1.98954329934323,-2.25171662063726,1.57766192437422,-1.30640809862853,-2.05046652684481,1.2555253404386,1.10316307316006,-0.751204028478104,0.995464503765106
2.09739804294846,-1.20930540637557,0.10201745021927,-0.32344651133585,-0.100904608785283,-0.119872505210833,-0.192008844998493,0.100297576124622,2.73345988406438,1.29334292841427e-12
0.95811371131165,-0.366277244787303,-0.0722450041416818,-0.0529219726317363,-1.00298864008789,-0.939610824703122,0.0928801425139682,-0.0935072729420796,-0.165417524095554,0.000176675865077414
0.373167592908494,-2.01018064669606,-2.6785616317056,1.85168626547639,-1.33410186355694,-2.11266174978119,1.16567158722812,-1.85255861174424,0.923710648375092,0.796706557273865
0.887143806364277,1.40648608578937,0.729502360537055,-1.1001879630765,1.22244175670633,0.988106535762966,-0.52018115180781,0.178242440998189,1.5373978239097,9.034187692465e-29
0.220676087037334,0.37250036515618,0.256981978432135,-0.498981125817726,-0.764857047342224,0.476639999248083,-0.479833725627234,-0.249658447786911,-0.432436386616782,4.83538617933019e-17
0.348091347292861,0.730305283345752,0.605398912214905,-0.955145717866131,-0.13440998348509,0.83870311133029,-0.608980641608895,0.301645688452767,-1.32810281233449,4.37173031669945e-22
-1.52149056797799,0.939503848292792,0.729502360537055,-0.711864196707106,1.48383840564582,0.961594125908582,3.04077587734768,1.19136077878009,-1.04028357138559,4.75977425999366e-29
1.67709435041042,1.20553187134401,0.729502360537055,-0.785246243496033,1.91005068931691,0.961368992886219,-0.623729777882885,0.124941187119101,-0.465878765348642,1.72459824466331e-23
-1.08928996160609,-0.0473311258250553,-1.31364266901195,0.823742790086273,-0.72404519008769,-0.68810765366033,0.879289613605795,0.938520528227503,-0.344880901959194,0.0108056487515569
0.357281884561058,-0.516050878347177,-0.637203859084219,1.37698832372703,-1.05042122431386,-0.775305089319596,1.13162886658179,-1.54603150021427,1.2473153646549,0.651379287242889
0.208910385847261,-2.12604757177817,-1.4196091768575,0.628328653543405,-0.980232886683952,-1.10255509059344,0.0472779117801843,0.201377822905722,-0.426738401705462,0.00154405424837023
